P01-111,Bottle 0.8L IML New Yml MA 20W40 Silver ,KP,
-,Return IBC Honda 13 CVTF,PT. HPM,
P01-011,Bottle 4L Eneos Diesl Oil CF-4/DH-1 Gold,MIWADA,
P01-012,Bottle 1L Eneos Gear Oil 75W90 GL5 White,MIWADA,
P01-017,Bottle 0.8L Eneos 4C SJ/MA 20W40 White,MIWADA,
P01-018,Bottle 0.8L Eneos Auto SJ/MB 20W40 White,MIWADA,
P01-019,Bottle 1L Eneos Trg SL/MA 10W-40 White,MIWADA,
P01-020,Bottle 1L Eneos Diesl CF4/DH1 15W40 Gold,MIWADA,
P01-025,Bottle 1L Honda SN-0W20,TARUMA,
P01-025,Bottle 1L Honda SN-0W20,TARUMA,
P01-026,Bottle 4L Honda SN-0W20,TARUMA,
P01-026,Bottle 4L Honda SN-0W20,TARUMA,
P01-033,Bottle 0.8L Yamalube SL10W40 Gold,MIWADA,
P01-034,Bottle 0.8L Yamalube SL10W40 Gold,TARUMA,
P01-039,Bottle 3.5L Honda 05 CVTF,TARUMA,
P01-040,Bottle 4L Toyota ATF WS Silver,MIWADA,
P01-041,Bottle 1L Nissan MTF,TARUMA,
P01-042,Bottle 1L Nissan Matic,TARUMA,
P01-043,Bottle 0.8L Eneos Eco  SJ/MA 10W30 White,MIWADA,
P01-044,Bottle 0.8L Eneos Eco SJ/MB 10W30 White,MIWADA,
P01-045,Bottle 4L Eneos Molyb Asia 10W40 SM Gold,MIWADA,
P01-046,Bottle 1L Eneos Molyb Asia 10W40 SM Gold,MIWADA,
P01-051,Bottle 1L MMC MTF 75W80,TARUMA,
P01-052,Bottle 1L MMC SN 0W20,TARUMA,
P01-052,Bottle 1L MMC SN 0W20,TARUMA,
P01-053,Bottle 4L MMC SN 0W20,TARUMA,
P01-053,Bottle 4L MMC SN 0W20,TARUMA,
P01-054,Bottle 1L MMC SL 10W30,TARUMA,
P01-054,Bottle 1L MMC SL 10W30,TARUMA,
P01-055,Bottle 4L MMC SL 10W30,TARUMA,
P01-056,Bottle 1L MMC ATF SP III,TARUMA,
P01-057,Bottle 1L MMC CF 10W40,TARUMA,
P01-057,Bottle 1L MMC CF 10W40,TARUMA,
P01-058,Bottle 5L MMC CF 10W40,TARUMA,
P01-058,Bottle 5L MMC CF 10W40,TARUMA,
P01-060,Bottle 1L Honda E-Pro Blue SN 5W30,TARUMA,
P01-061,Bottle 4L Honda E-Pro Blue SN 5W30,TARUMA,
P01-062,Bottle 4L Toyota CVTF FE Silver,MIWADA,
P01-063,Bottle 1L Yamalube Super Sport Blue,MIWADA,
P01-064,Bottle 4L Yamalube Premium Oil Gold,MIWADA,
P01-065,Bottle 4L Toyota ATF T-IV Silver,MIWADA,
P01-066,Bottle 1L MMC CF-4 10W30,TARUMA,
P01-066,Bottle 1L MMC CF-4 10W30,TARUMA,
P01-067,Bottle 5L MMC CF-4 10W30,TARUMA,
P01-067,Bottle 5L MMC CF-4 10W30,TARUMA,
P01-068,Bottle 0.8L Yamalube 2T Black,MIWADA,
P01-069,Bottle 0.8L Eneos 2T White,MIWADA,
P01-072,Bottle 1L Eneos Diesel CI-4 15W40 Gold,MIWADA,
P01-073,Bottle 4L Eneos Diesel CI-4 15W40 Gold,MIWADA,
P01-074,Bottle 1L Eneos Motor SN/CF 20W50 White,MIWADA,
P01-075,Bottle 4L Eneos Motor SN/CF 20W50 White,MIWADA,
P01-076,Bottle 1L Eneos Motor SN/CF 10W30 White,MIWADA,
P01-077,Bottle 4L Eneos Motor SN/CF 10W30 White,MIWADA,
P01-078,Bottle 1L Eneos Mtr Oil SN 0W20 White,MIWADA,
P01-078,Bottle 1L Eneos Mtr Oil SN 0W20 White,MIWADA,
P01-079,Bottle 4L Eneos Mtr Oil SN 0W20 White,MIWADA,
P01-079,Bottle 4L Eneos Mtr Oil SN 0W20 White,MIWADA,
P01-080,Bottle 1L Eneos Sustina SN/ACEA 5W30,TARUMA,
P01-081,Bottle 1L Honda Oil MPX 3,KP,
P01-082,Bottle 1L Honda Oil MPX 3 White,MIWADA,
P01-083,Bottle 0.8L Honda Oil MPX 3,KP,
P01-084,Bottle 0.8L Honda Oil MPX 3 White,MIWADA,
P01-085,Bottle 1L Nissan Ester,TARUMA,
P01-086,Bottle 4L Eneos Sustina SN/ACEA 5W30,TARUMA,
P01-088,Bottle 0.8L Yamalube 2T,TARUMA,
P01-089,Bottle 0.8L Honda Oil MPX 3 White,UBS,
P01-090,Bottle 1L Mercedes Benz MB229.5,MAUSER,
P01-091,Bottle 1L Toyota TF Gear LF 75W Grey,DINITO,
P01-092,Bottle 1L Toyota MT Gear LV 75W Grey,DINITO,
P01-093,Bottle 1L Eneos CVT Fluid Asia Gold,MIWADA,
P01-094,Bottle 1L Eneos AT Fluid Gold,MIWADA,
P01-098,Bottle 5L Kubota CF 15W40 Silver,TARUMA,
P01-099,Bottle IML 1L Yamalube RS4GP Blue,MIWADA,
P01-106,Bottle 1L MMC ATF SP III New,TARUMA,
P01-107,Bottle 1L MMC CF 10W40 New,TARUMA,
P01-108,Bottle 1L Yamalube Super Sport Blue,TARUMA,
P01-110,Bottle 1L MMC MTF 75W80 SILVER,TARUMA,
P01-112,Bottle IML 0.8L New Yml MB 20W40 Copper,KP,
P01-113,Bottle IML 1L New Yamalube 10W40,KP,
P01-114,Bottle 0.8L IML New Yml MA 20W40 Silver,MIWADA,
P01-115,Bottle IML 0.8L New Yml MB 20W40 Copper,MIWADA,
P01-116,Bottle IML 1L Yamalube 10W40 Black,MIWADA,
P01-118,Bottle 4L TMO CVTF FE Silver,MIWADA,
P01-119,Bottle 4L Toyota ATF T-IV Silver,MIWADA,
P01-120,Bottle 4L Toyota TMO ATF WS Silver,MIWADA,
P01-121,Bottle 1L MMC ATF MA 1,TARUMA,
P01-122,Bottle 1L MMC ATF MA 1,TARUMA,
P01-136,Bottle 1L Honda Marine Gear Oil,TARUMA,
P01-137,Bottle 1L Eneos Molyb Asia 10W40 SN ,MIWADA,
P01-138,Bottle 4L Eneos Molyb Asia 10W40 SN ,MIWADA,
P01-139,Bottle 1L Eneos Auto SJ/MB 20W40,MIWADA,
P01-140,Bottle 1L Eneos Eco SJ/MB 10W30 ,MIWADA,
P01-141,Bottle 4L Eneos Motor Oil SN 5W30,MIWADA,
P01-142,Bottle 1L Eneos Motor Oil SN 5W30,MIWADA,
P01-143,Bottle 0.8L AHM Oil MPX 1,KP,
P01-144,Bottle 0.8L AHM Oil MPX 1,UBS,
P01-145,Bottle 1L AHM Oil MPX 1,KP,
P01-146,Bottle 1L AHM Oil MPX 1,UBS,
P01-147,Bottle 1.2L AHM Oil MPX 1,UBS,
P01-148,Bottle 0.8L AHM Oil MPX 2,KP,
P01-149,Bottle 0.8L AHM Oil MPX 2,UBS,
P01-151,Bottle 4L MMC SN 0W20 New,TARUMA,
P01-152,Bottle 1L MMC SL 10W30 SNI,TARUMA,
P01-153,Bottle 4L MMC SL 10W30 SNI,TARUMA,
P01-154,Bottle 5L MMC CF 10W40,TARUMA,
P01-155,Bottle 1L MMC CF-4 10W30,TARUMA,
P01-156,Bottle 5L MMC CF-4 10W30,TARUMA,
P01-157,Bottle 5L Yanmar TF 500T,UBS,
P01-158,Bottle 5L Eneos Diesel Oil CRDi Pro CJ-4 10W30,TARUMA,
P01-159,Bottle 1L Eneos Diesel Oil CRDi Pro CJ-4 10W30,TARUMA,
P01-160,Bottle 1L Toyota TF Gear LF 75W Grey New,DINITO,
P01-161,Bottle 0.8L Yml. Power Matic 10W40,IML TECH,
P01-163,Bottle 1L Yamalube Super Matic Blue SNI,MIWADA,
P01-164,Bottle 1L Yamalube Super Sport Blue SNI,TARUMA,
P01-165,Bottle 0.8L IML New Yml MA 20W40 Silver SNI,KP,
P01-166,Bottle IML 0.8L New Yml MB 20W40 Copper SNI,KP,
P01-167,Bottle IML 1L Yamalube 10W40 Black SNI,KP,
P01-168,Bottle 0.8L IML New Yml MA 20W40 Silver SNI,MIWADA,
P01-169,Bottle IML 0.8L New Yml MB 20W40 Copper SNI,MIWADA,
P01-170,Bottle IML 1L Yamalube 10W40 Black SNI,MIWADA,
P01-171,Bottle 0.8L Yamalube 2T,TARUMA,
P01-172,Bottle 1L Toyota MT Gear LV 75W Grey,DINITO,
P01-173,Bottle 0.8L Yamalube 2T SNI,TARUMA,
P01-174,Bottle 0.8L Yamalube SL10W40 Gold,TARUMA,
P01-175,Bottle IML 0.8L New Yml MB 20W40 Copper,IML TECH,
P01-178,Bottle 1L MMC SN 0W20 SNI,TARUMA,
P01-179,Bottle 4L MMC SN 0W20 SNI,TARUMA,
P01-180,Bottle 1L Eneos Gear Oil 75W90 GL5 White SNI,MIWADA,
P01-181,Bottle 0.8L Eneos 4C SJ/MA 20W40 White SNI,MIWADA,
P01-182,Bottle 0.8L Eneos Auto SJ/MB 20W40 White SNI,MIWADA,
P01-183,Bottle 1L Eneos Trg SL/MA 10W-40 White SNI,MIWADA,
P01-184,Bottle 0.8L Eneos Eco  SJ/MA 10W30 White SNI,MIWADA,
P01-185,Bottle 0.8L Eneos Eco SJ/MB 10W30 White SNI,MIWADA,
P01-186,Bottle 0.8L Eneos 2T White SNI,MIWADA,
P01-187,Bottle 1L Eneos Auto SJ/MB 20W40,MIWADA,
P01-188,Bottle 1L Eneos Eco SJ/MB 10W30 ,MIWADA,
P01-189,Bottle 1L MMC CF-4 10W30,TARUMA,
P01-190,Bottle 5L MMC CF-4 10W30,TARUMA,
P01-191,Bottle 0.8L Honda Oil MPX 3 White,UBS,
P01-192,Bottle 1L Honda Oil MPX 3 White SNI,KP,
P01-193,Bottle 0.8L AHM Oil MPX 2 SNI,UBS,
P01-194,Bottle 0.8L AHM Oil MPX 2 SNI,KP,
P01-195,Bottle 0.8L AHM Oil MPX 2 SNI,MIWADA,
P01-196,Bottle 1L Honda Oil MPX 3 White SNI,UBS,
P01-197,Bottle 0.8L Honda Oil MPX 3 White,MIWADA,
P01-198,Bottle 0.8L Honda Oil MPX 3 White,KP,
P01-199,Bottle 1L MMC CF 10W40 SNI,TARUMA,
P01-200,Bottle 5L MMC CF 10W40 SNI,TARUMA,
P01-201,Bottle 0.8L AHM Oil MPX 1 SNI,UBS,
P01-202,Bottle 1L AHM Oil MPX 1 SNI,KP,
P01-203,Bottle 1L AHM Oil MPX 1 SNI,UBS,
P01-204,Bottle 1.2L AHM Oil MPX 1 SNI,UBS,
P01-205,Bottle 1L Eneos Motor SN 20W50 White SNI,MIWADA,
P01-206,Bottle 4L Eneos Motor SN 20W50 White SNI,MIWADA,
P01-207,Bottle 1L Eneos Motor SN 10W30 White SNI,MIWADA,
P01-208,Bottle 4L Eneos Motor SN 10W30 White SNI,MIWADA,
P01-209,Bottle 1L Eneos Mtr Oil SN 0W20 SNI,MIWADA,
P01-210,Bottle 4L Eneos Mtr Oil SN 0W20 SNI,MIWADA,
P01-221,Bottle 4L Eneos Motor Oil SN 5W30,MIWADA,
P01-222,Bottle 1L Eneos Motor Oil SN 5W30,MIWADA,
P01-223,Bottle 1L Honda E-Pro Blue SN 5W30 SNI,TARUMA,
P01-224,Bottle 4L Honda E-Pro Blue SN 5W30 SNI,TARUMA,
P01-225,Bottle 1L Eneos AT Fluid Gold,MIWADA,
P01-231,Bottle 1L Yamalube Super Matic Blue SNI NEW,MIWADA,
p01-232,Bottle 1L Yamalube Super Matic Blue SNI NEW,KP,
p01-233,Bottle 1L Yamalube Super Sport Blue SNI NEW NPT,KP,
p01-234,Bottle 1L Yamalube Super Sport Blue SNI NEW,MIWADA,
P01-237,Bottle 0.8L Yamalube SL10W40 Gold NEW,TARUMA,
P01-238,Bottle 0.8L Yamalube 2T SNI,TARUMA,
p01-239,Bottle IML 1L Yamalube RS4GP Blue new,KP,
P01-240,Bottle 1L Eneos Diesel CI-4 15W40 Gold,MIWADA,
P01-241,Bottle 4L Eneos Diesel CI-4 15W40 Gold,MIWADA,
P01-242,Kubota Engine Oil CF15W40 SNI,TARUMA,
P01-243,Bottle 5L Eneos Diesel Oil CRDi Pro CJ-4 10W30,TARUMA,
P01-244,Bottle 1L Eneos Diesel Oil CRDi Pro CJ-4 10W30 NEW,TARUMA,
P01-245,Bottle 1L Eneos Sustina SN/ACEA 5W30 SNI,TARUMA,
p01-246,Bottle 4L Eneos Sustina SN/ACEA 5W30 SNI,TARUMA,
P01-249,Bottle 1L Nissan Ester ( NEW ),TARUMA,
P01-250,Bottle 1L Honda Marine gear oil SNI,TARUMA,
P01-251,Bottle 4L Honda E-Pro Blue SN 5W30 SNI,KP,
p01-252,Bottle 1L Nissan MTF new,TARUMA,
P01-253,YAMALUBE GEAR OIL GL-4 350ML + CAP SEAL,ENEOS CORP,
P01-254,YAMALUBE GEAR OIL GL-4 750ML + CAP SEAL,ENEOS CORP,
P01-255,YAMALUBE GEAR OIL GL-5 750ML + CAP SEAL,ENEOS CORP,
P01-256,Bottle 3.5L Honda 05 CVTF NEW NPT,TARUMA,
P01-257,Bottle 5L Kubota CF 15W40 Silver NEW,TARUMA,
P01-258,Bottle 1L MMC CF-4 10W30,TARUMA,
P01-259,Bottle 4L MMC SN 0W20 New,TARUMA,
P01-260,Bottle IML 1L Yamalube RS4GP Blue,KP,
P01-261,Bottle 0.8L AHM Oil MPX 1 SNI NEW NPT,UBS,
P01-262,Bottle 0.8L AHM Oil MPX 2 SNI NEW NPT,UBS,
P01-263,Bottle 0.8L AHM Oil MPX 2 SNI NEW,KP,
P01-264,Bottle 0.8L AHM Oil MPX 2 SNI NEW NPT,MIWADA,
P01-265,Bottle 1L Eneos Gear oil GL-5  80w90 ,MIWADA,
P01-268,BOTTLE ENEOS AT FLUID 1L,MIWADA,
P01-269,Bottle 1L Eneos Diesel CI-4 15W40 GOLD  NEW,TARUMA,
p01-270,Bottle 5L Eneos Diesel CI-4 15W40 Gold,TARUMA,
P01-272,Bottle 1L AHM Oil MPX 1 SNI NEW NPT,UBS,
p01-273,Bottle 1.2L AHM Oil MPX 1,UBS,
P01-275,Bottle 1L Honda Oil MPX 3 WhiteNEW NPT,UBS,
p01-276,Bottle 0.8L Honda Oil MPX 3 new,UBS,
P01-277,Bottle 0.8L Honda Oil MPX 3 White,MIWADA,
p01-278,Bottle 0.8L Honda Oil MPX 3 White new,KP,
P01-279,Bottle 1L MMC SN 0W20 NEW LSPr NPB,TARUMA,
P01-280,Bottle 0.8L Eneos 4C SJ/MA 20W40 White SNI,MIWADA,
P01-281,Bottle 0.8L Eneos Eco SJ/MB 10W30 SNI ORIGINAL,MIWADA,
P01-282,Bottle 1L Honda E-Pro Blue SN 5W30 NEW,TARUMA,
P01-283,Bottle 4L Honda E-Pro Blue SN 5W30 NEW,TARUMA,
P01-284,Bottle 4L Honda E-Pro Blue SN 5W30 ,KP,
P01-286,BOTOL YML OBM 2T 1L set cap,KP,
P01-287,BOTOL YML OBM 2T 4L set cap,KP,
p01-290,BOTOL ENEOS DIESEL OIL CF-40 5L,TARUMA,
P01-291,Bottle 0.8L Eneos Auto SJ/MB 20W40 White ORIGINAL SNI,MIWADA,
P01-292,Bottle 1L Honda Marine Gear Oil ORIGINAL SNI,TARUMA,
P01-293,Bottle 0.8L Eneos Eco  SJ/MA 10W30 White SNI,MIWADA,
P01-294,Bottle 1L Eneos Trg SL/MA 10W-40 White NEW,MIWADA,
P01-295,Bottle 0.8L Yamalube 2T INDONESIA,TARUMA,
P01-296,Bottle 1L MMC MTF 75W85 1L BLACK,TARUMA,
P01-297,MMC GEAR OIL ECO LV 75W80 GL4 1L BLACK,TARUMA,
p01-298,MMC SH GEAR OIL GL-5 80 1L,TARUMA,
p01-299,BOTTLE DAIHATSU CVT FLUID 1L,UBS,
p01-300,BOTTLE HONDA E-PRO GOLD SN0W20  1L,TARUMA,
p01-302,BOTTLE HONDA E-PRO GOLD SN0W20  4L,TARUMA,
P01-303,BOTTLE HONDA E-PRO GOLD SN0W20  4L,KP,
P02-001,SK38/23 S5 SFB 18 <*TF*IHS*YMH*BLACK 61,BERICAP,
P02-002,SK38/23 Cap Yamalube Gold,BERICAP,
P02-003,SK38/23 CAP YAMALUBE Red 21,BERICAP,
P02-005,Cap Black No Emboss,MIWADA,
P02-005,Cap Black No Emboss,MIWADA,
P02-007,Cap Gold Emboss of ENEOS,MIWADA,
P02-008,CAP GOLD EMBOSS OF HONDA,TARUMA,
P02-009,Cap Red Emboss of ENEOS,MIWADA,
P02-010,Cap RED NO emboss of HONDA ,TARUMA,
P02-011,Cap Orange No Emboss of NISSAN,TARUMA,
P02-014,Cap Grey Emboss of MMC,TARUMA,
P02-015,Cap Blue Emboss of Honda,TARUMA,
P02-016,Cap Black Emboss of ENEOS,MIWADA,
p02-017,Cap RED emboss of AHM MPX,KP,
P02-018,Cap Purple NO Emboss of  NISSAN,TARUMA,
P02-019,Cap Gold no Emboss,TARUMA,
P02-020,Cap RED emboss of AHM MPX,UBS,
P02-021,CAP TOYOTA Grey No Emboss ,DINITO,
P02-022,Cap Grey no Emboss,TARUMA,
P02-025,CAP SILVER NO EMBOSS,MIWADA,
p02-027,Cap Black no emboss of HONDA MARINE ,TARUMA,
P02-028,Cap Blue emboss of AHM MPX,UBS,
P02-030,Cap Blue emboss of AHM MPX,KP,
p02-031,Cap Blue emboss of HONDA new,KP,
P02-035,Cap Red Emboss Eneos,MIWADA,
P02-036,Cap RED emboss of MMC,TARUMA,
P02-038,CAP YAMALUBE BLACK,KP,
P02-039,CAP YAMALUBE GOLD,KP,
P02-040,CAP YAMALUBE RED,KP,
P02-041,CAP RED NO EMBOS DAIHATSU,UBS,
P03-003,(GO) YML SL 10W40 (0.8Lx24),ORIENTAL ASAHI,
P03-003,(GO) YML SL 10W40 (0.8Lx24),ORIENTAL ASAHI,
P03-009,Eneos Diesel Oil CF-4/DH-1 15W-40 (4Lx6),ORIENTAL ASAHI,
P03-009,Eneos Diesel Oil CF-4/DH-1 15W-40 (4Lx6),ORIENTAL ASAHI,
P03-010,Eneos Gear Oil T/A 75W-90 GL-5 (1Lx12),ORIENTAL ASAHI,
P03-010,Eneos Gear Oil T/A 75W-90 GL-5 (1Lx12),ORIENTAL ASAHI,
P03-010,Eneos Gear Oil T/A 75W-90 GL-5 (1Lx12),ORIENTAL ASAHI,
P03-010,Eneos Gear Oil T/A 75W-90 GL-5 (1Lx12),ORIENTAL ASAHI,
P03-015,Eneos 4Cycle Oil C/A SJ/MA 20W40(0.8Lx12),ORIENTAL ASAHI,
P03-015,Eneos 4Cycle Oil C/A SJ/MA 20W40(0.8Lx12),ORIENTAL ASAHI,
P03-016,Eneos 4Cycle Auto SJ/MB 20W40(0.8Lx12),ORIENTAL ASAHI,
P03-016,Eneos 4Cycle Auto SJ/MB 20W40(0.8Lx12),ORIENTAL ASAHI,
P03-017,Eneos 4Cycle T/Asia SL/MA 10W40(1.0Lx12),ORIENTAL ASAHI,
P03-017,Eneos 4Cycle T/Asia SL/MA 10W40(1.0Lx12),ORIENTAL ASAHI,
P03-018,Eneos Diesel Oil CF-4/DH-1 15W-40(1Lx12),ORIENTAL ASAHI,
P03-018,Eneos Diesel Oil CF-4/DH-1 15W-40(1Lx12),ORIENTAL ASAHI,
P03-023,Nissan (1Lx24),ORIENTAL ASAHI,
P03-023,Nissan (1Lx24),ORIENTAL ASAHI,
P03-023,Nissan (1Lx24),ORIENTAL ASAHI,
P03-023,Nissan (1Lx24),ORIENTAL ASAHI,
P03-023,Nissan (1Lx24),ORIENTAL ASAHI,
P03-023,Nissan (1Lx24),ORIENTAL ASAHI,
P03-024,Yamalube Super Sport (1Lx12),ORIENTAL ASAHI,
P03-024,Yamalube Super Sport (1Lx12),ORIENTAL ASAHI,
P03-025,Honda 05 CVTF Oil (3.5Lx6),ORIENTAL ASAHI,
P03-025,Honda 05 CVTF Oil (3.5Lx6),ORIENTAL ASAHI,
P03-026,Toyota ATF WS (4Lx4),ORIENTAL ASAHI,
P03-026,Toyota ATF WS (4Lx4),ORIENTAL ASAHI,
P03-026,Toyota ATF WS (4Lx4),ORIENTAL ASAHI,
P03-026,Toyota ATF WS (4Lx4),ORIENTAL ASAHI,
P03-027,Honda E-Pro Gold SN0W20 (1Lx24),ORIENTAL ASAHI,
P03-027,Honda E-Pro Gold SN0W20 (1Lx24),ORIENTAL ASAHI,
P03-027,Honda E-Pro Gold SN0W20 (1Lx24),ORIENTAL ASAHI,
P03-027,Honda E-Pro Gold SN0W20 (1Lx24),ORIENTAL ASAHI,
P03-028,Honda E-Pro Gold SN0W20 (4Lx6),ORIENTAL ASAHI,
P03-028,Honda E-Pro Gold SN0W20 (4Lx6),ORIENTAL ASAHI,
P03-028,Honda E-Pro Gold SN0W20 (4Lx6),ORIENTAL ASAHI,
P03-028,Honda E-Pro Gold SN0W20 (4Lx6),ORIENTAL ASAHI,
P03-029,Eneos Molybdenum Asia 10W40 SM (4Lx6),ORIENTAL ASAHI,
P03-029,Eneos Molybdenum Asia 10W40 SM (4Lx6),ORIENTAL ASAHI,
P03-030,Eneos Molybdenum Asia 10W40 SM (1Lx12),ORIENTAL ASAHI,
P03-030,Eneos Molybdenum Asia 10W40 SM (1Lx12),ORIENTAL ASAHI,
P03-031,Eneos Eco 10W30 SJ/MA (0.8Lx12),ORIENTAL ASAHI,
P03-031,Eneos Eco 10W30 SJ/MA (0.8Lx12),ORIENTAL ASAHI,
P03-031,Eneos Eco 10W30 SJ/MA (0.8Lx12),ORIENTAL ASAHI,
P03-031,Eneos Eco 10W30 SJ/MA (0.8Lx12),ORIENTAL ASAHI,
P03-032,Eneos Eco 10W30 SJ/MB (0.8Lx12),ORIENTAL ASAHI,
P03-032,Eneos Eco 10W30 SJ/MB (0.8Lx12),ORIENTAL ASAHI,
P03-032,Eneos Eco 10W30 SJ/MB (0.8Lx12),ORIENTAL ASAHI,
P03-032,Eneos Eco 10W30 SJ/MB (0.8Lx12),ORIENTAL ASAHI,
P03-033,Yamalube Power Matic (0.8Lx24),ORIENTAL ASAHI,
P03-033,Yamalube Power Matic (0.8Lx24),ORIENTAL ASAHI,
P03-035,MMC MTF 75W80 (1Lx12),ORIENTAL ASAHI,
P03-035,MMC MTF 75W80 (1Lx12),ORIENTAL ASAHI,
P03-036,MMC SN 0W20 (1Lx12),ORIENTAL ASAHI,
P03-036,MMC SN 0W20 (1Lx12),ORIENTAL ASAHI,
P03-037,MMC SN 0W20 (4Lx6),ORIENTAL ASAHI,
P03-037,MMC SN 0W20 (4Lx6),ORIENTAL ASAHI,
P03-038,MMC SL 10W30 (1Lx12),ORIENTAL ASAHI,
P03-038,MMC SL 10W30 (1Lx12),ORIENTAL ASAHI,
P03-039,MMC SL 10W30 (4Lx6),ORIENTAL ASAHI,
P03-039,MMC SL 10W30 (4Lx6),ORIENTAL ASAHI,
P03-040,MMC ATF SP III (1Lx12),ORIENTAL ASAHI,
P03-040,MMC ATF SP III (1Lx12),ORIENTAL ASAHI,
P03-041,MMC CF 10W40 (1Lx12),ORIENTAL ASAHI,
P03-041,MMC CF 10W40 (1Lx12),ORIENTAL ASAHI,
P03-041,MMC CF 10W40 (1Lx12),ORIENTAL ASAHI,
P03-041,MMC CF 10W40 (1Lx12),ORIENTAL ASAHI,
P03-042,MMC CF 10W40 (5Lx6),ORIENTAL ASAHI,
P03-042,MMC CF 10W40 (5Lx6),ORIENTAL ASAHI,
P03-044,Toyota CVTF FE (4Lx4),ORIENTAL ASAHI,
P03-044,Toyota CVTF FE (4Lx4),ORIENTAL ASAHI,
P03-045,MMC CF-4 10W30 (1Lx12),ORIENTAL ASAHI,
P03-045,MMC CF-4 10W30 (1Lx12),ORIENTAL ASAHI,
P03-046,MMC CF-4 10W30 (5Lx6),ORIENTAL ASAHI,
P03-046,MMC CF-4 10W30 (5Lx6),ORIENTAL ASAHI,
P03-047,Honda E-Pro Blue (1Lx24),ORIENTAL ASAHI,
P03-047,Honda E-Pro Blue (1Lx24),ORIENTAL ASAHI,
P03-047,Honda E-Pro Blue (1Lx24),ORIENTAL ASAHI,
P03-047,Honda E-Pro Blue (1Lx24),ORIENTAL ASAHI,
P03-048,Honda E-Pro Blue (4Lx6),ORIENTAL ASAHI,
P03-048,Honda E-Pro Blue (4Lx6),ORIENTAL ASAHI,
P03-048,Honda E-Pro Blue (4Lx6),ORIENTAL ASAHI,
P03-048,Honda E-Pro Blue (4Lx6),ORIENTAL ASAHI,
P03-049,Yamalube Premium Oil (4Lx6),ORIENTAL ASAHI,
P03-049,Yamalube Premium Oil (4Lx6),ORIENTAL ASAHI,
P03-050,Toyota ATF T-IV (4Lx4),ORIENTAL ASAHI,
P03-050,Toyota ATF T-IV (4Lx4),ORIENTAL ASAHI,
P03-050,Toyota ATF T-IV (4Lx4),ORIENTAL ASAHI,
P03-050,Toyota ATF T-IV (4Lx4),ORIENTAL ASAHI,
P03-052,Eneos 2T (0.7Lx12),SKL,
P03-052,Eneos 2T (0.7Lx12),SKL,
P03-052,Eneos 2T (0.7Lx12),SKL,
P03-052,Eneos 2T (0.7Lx12),SKL,
P03-054,Eneos Diesel CI-4 15W40 (1Lx12),ORIENTAL ASAHI,
P03-054,Eneos Diesel CI-4 15W40 (1Lx12),ORIENTAL ASAHI,
P03-054,Eneos Diesel CI-4 15W40 (1Lx12),ORIENTAL ASAHI,
P03-054,Eneos Diesel CI-4 15W40 (1Lx12),ORIENTAL ASAHI,
P03-055,Eneos Diesel CI-4 15W40 (4Lx6),ORIENTAL ASAHI,
P03-055,Eneos Diesel CI-4 15W40 (4Lx6),ORIENTAL ASAHI,
P03-055,Eneos Diesel CI-4 15W40 (4Lx6),ORIENTAL ASAHI,
P03-055,Eneos Diesel CI-4 15W40 (4Lx6),ORIENTAL ASAHI,
P03-056,Eneos Mtr Oil SN/CF 10W30 (1Lx12),ORIENTAL ASAHI,
P03-056,Eneos Mtr Oil SN/CF 10W30 (1Lx12),ORIENTAL ASAHI,
P03-057,Eneos Mtr Oil SN/CF 10W30 (4Lx6),ORIENTAL ASAHI,
P03-057,Eneos Mtr Oil SN/CF 10W30 (4Lx6),ORIENTAL ASAHI,
P03-058,Eneos Mtr Oil SN/CF 20W50 (1Lx12),ORIENTAL ASAHI,
P03-058,Eneos Mtr Oil SN/CF 20W50 (1Lx12),ORIENTAL ASAHI,
P03-058,Eneos Mtr Oil SN/CF 20W50 (1Lx12),ORIENTAL ASAHI,
P03-058,Eneos Mtr Oil SN/CF 20W50 (1Lx12),ORIENTAL ASAHI,
P03-059,Eneos Mtr Oil SN/CF 20W50 (4Lx6),ORIENTAL ASAHI,
P03-059,Eneos Mtr Oil SN/CF 20W50 (4Lx6),ORIENTAL ASAHI,
P03-059,Eneos Mtr Oil SN/CF 20W50 (4Lx6),ORIENTAL ASAHI,
P03-059,Eneos Mtr Oil SN/CF 20W50 (4Lx6),ORIENTAL ASAHI,
P03-060,Eneos Mtr Oil SN 0W20 (1Lx12),ORIENTAL ASAHI,
P03-060,Eneos Mtr Oil SN 0W20 (1Lx12),ORIENTAL ASAHI,
P03-060,Eneos Mtr Oil SN 0W20 (1Lx12),ORIENTAL ASAHI,
P03-060,Eneos Mtr Oil SN 0W20 (1Lx12),ORIENTAL ASAHI,
P03-060,Eneos Mtr Oil SN 0W20 (1Lx12),ORIENTAL ASAHI,
P03-060,Eneos Mtr Oil SN 0W20 (1Lx12),ORIENTAL ASAHI,
P03-061,Eneos Mtr Oil SN 0W20 (4Lx6),ORIENTAL ASAHI,
P03-061,Eneos Mtr Oil SN 0W20 (4Lx6),ORIENTAL ASAHI,
P03-061,Eneos Mtr Oil SN 0W20 (4Lx6),ORIENTAL ASAHI,
P03-061,Eneos Mtr Oil SN 0W20 (4Lx6),ORIENTAL ASAHI,
P03-061,Eneos Mtr Oil SN 0W20 (4Lx6),ORIENTAL ASAHI,
P03-061,Eneos Mtr Oil SN 0W20 (4Lx6),ORIENTAL ASAHI,
P03-062,Eneos Sustina SN/ACEA 5W30 (1Lx12),ORIENTAL ASAHI,
P03-062,Eneos Sustina SN/ACEA 5W30 (1Lx12),ORIENTAL ASAHI,
P03-063,Eneos Sustina SN/ACEA 5W30 (4Lx6),ORIENTAL ASAHI,
P03-063,Eneos Sustina SN/ACEA 5W30 (4Lx6),ORIENTAL ASAHI,
P03-064,Kubota Engine Oil (5Lx6),ORIENTAL ASAHI,
P03-064,Kubota Engine Oil (5Lx6),ORIENTAL ASAHI,
P03-065,Yamalube Motor New SJ/MA 20W40 (0.8LX24),ORIENTAL ASAHI,
P03-065,Yamalube Motor New SJ/MA 20W40 (0.8LX24),ORIENTAL ASAHI,
P03-065,Yamalube Motor New SJ/MA 20W40 (0.8LX24),ORIENTAL ASAHI,
P03-065,Yamalube Motor New SJ/MA 20W40 (0.8LX24),ORIENTAL ASAHI,
P03-065,Yamalube Motor New SJ/MA 20W40 (0.8LX24),ORIENTAL ASAHI,
P03-065,Yamalube Motor New SJ/MA 20W40 (0.8LX24),ORIENTAL ASAHI,
P03-065,Yamalube Motor New SJ/MA 20W40 (0.8LX24),ORIENTAL ASAHI,
P03-065,Yamalube Motor New SJ/MA 20W40 (0.8LX24),ORIENTAL ASAHI,
P03-066,Yamalube Matic New SJ/MB 20W40 (0.8LX24),ORIENTAL ASAHI,
P03-066,Yamalube Matic New SJ/MB 20W40 (0.8LX24),ORIENTAL ASAHI,
P03-066,Yamalube Matic New SJ/MB 20W40 (0.8LX24),ORIENTAL ASAHI,
P03-066,Yamalube Matic New SJ/MB 20W40 (0.8LX24),ORIENTAL ASAHI,
P03-067,Eneos CVT Fluid Asia (1Lx12),ORIENTAL ASAHI,
P03-067,Eneos CVT Fluid Asia (1Lx12),ORIENTAL ASAHI,
P03-068,Eneos Multi Asia AT Fluid  (1Lx12),ORIENTAL ASAHI,
P03-068,Eneos Multi Asia AT Fluid  (1Lx12),ORIENTAL ASAHI,
P03-069,AHM Oil MPX 3 (1Lx24),SKL,
P03-069,AHM Oil MPX 3 (1Lx24),SKL,
P03-070,AHM Oil MPX 3 (0.8Lx24),SKL,
P03-070,AHM Oil MPX 3 (0.8Lx24),SKL,
P03-071,Mercedes Benz MB229.5 (1Lx12),ORIENTAL ASAHI,
P03-071,Mercedes Benz MB229.5 (1Lx12),ORIENTAL ASAHI,
P03-072,Toyota TF Gear LF 75W (1Lx12),ORIENTAL ASAHI,
P03-072,Toyota TF Gear LF 75W (1Lx12),ORIENTAL ASAHI,
P03-073,Toyota MT Gear LV 75W (1Lx12),ORIENTAL ASAHI,
P03-073,Toyota MT Gear LV 75W (1Lx12),ORIENTAL ASAHI,
P03-073,Toyota MT Gear LV 75W (1Lx12),ORIENTAL ASAHI,
P03-073,Toyota MT Gear LV 75W (1Lx12),ORIENTAL ASAHI,
P03-074,Yamalube Mtr (Sport) New SL10W40 (1Lx24),ORIENTAL ASAHI,
P03-074,Yamalube Mtr (Sport) New SL10W40 (1Lx24),ORIENTAL ASAHI,
p03-077,Kubota Engine Oil  CF (5Lx6),ORIENTAL ASAHI,
p03-077,Kubota Engine Oil  CF (5Lx6),ORIENTAL ASAHI,
P03-078,Yamalube 2T (0.7Lx24),ORIENTAL ASAHI,
P03-078,Yamalube 2T (0.7Lx24),ORIENTAL ASAHI,
P03-079,Yamalube Super Matic (1Lx12),ORIENTAL ASAHI,
P03-079,Yamalube Super Matic (1Lx12),ORIENTAL ASAHI,
P03-080,Yamalube RS4GP Blue (1Lx12),ORIENTAL ASAHI,
P03-080,Yamalube RS4GP Blue (1Lx12),ORIENTAL ASAHI,
P03-081,MMC CF 10W40 (1Lx12) New,ORIENTAL ASAHI,
P03-081,MMC CF 10W40 (1Lx12) New,ORIENTAL ASAHI,
P03-082,MMC ATF SP III (1Lx12) New,ORIENTAL ASAHI,
P03-082,MMC ATF SP III (1Lx12) New,ORIENTAL ASAHI,
P03-083,MMC MTF 75W80 (1Lx12) New,ORIENTAL ASAHI,
P03-083,MMC MTF 75W80 (1Lx12) New,ORIENTAL ASAHI,
P03-084,Toyota CVTF FE (4Lx4),ORIENTAL ASAHI,
P03-084,Toyota CVTF FE (4Lx4),ORIENTAL ASAHI,
P03-085,MMC ATF MA 1 (1Lx12),ORIENTAL ASAHI,
P03-085,MMC ATF MA 1 (1Lx12),ORIENTAL ASAHI,
P03-086,MMC ATF PA  (1Lx12),ORIENTAL ASAHI,
P03-086,MMC ATF PA  (1Lx12),ORIENTAL ASAHI,
P03-087,MMC SN 0W20 (1Lx12),ORIENTAL ASAHI,
P03-087,MMC SN 0W20 (1Lx12),ORIENTAL ASAHI,
P03-088,AHM Oil MPX 1 (1.2Lx24),SKL,
P03-088,AHM Oil MPX 1 (1.2Lx24),SKL,
P03-089,AHM Oil MPX 1 (1.0Lx24),SKL,
P03-089,AHM Oil MPX 1 (1.0Lx24),SKL,
P03-090,AHM Oil MPX 1 (0.8Lx24),SKL,
P03-090,AHM Oil MPX 1 (0.8Lx24),SKL,
P03-091,AHM Oil MPX 2 (0.8Lx24),SKL,
P03-091,AHM Oil MPX 2 (0.8Lx24),SKL,
P03-104,Yamalube Power Matic (0.8Lx24),ORIENTAL ASAHI,
P03-104,Yamalube Power Matic (0.8Lx24),ORIENTAL ASAHI,
P03-106,MMC SN 0W20 (4Lx6) New,ORIENTAL ASAHI,
P03-106,MMC SN 0W20 (4Lx6) New,ORIENTAL ASAHI,
P03-107,MMC CF 10W40 (5Lx6) New,ORIENTAL ASAHI,
P03-107,MMC CF 10W40 (5Lx6) New,ORIENTAL ASAHI,
P03-114,MMC CF-4 10W30 (1Lx12) New,ORIENTAL ASAHI,
P03-114,MMC CF-4 10W30 (1Lx12) New,ORIENTAL ASAHI,
P03-115,MMC SL 10W30 (1Lx12) New,ORIENTAL ASAHI,
P03-115,MMC SL 10W30 (1Lx12) New,ORIENTAL ASAHI,
P03-116,MMC SL 10W30 (4Lx6) New,ORIENTAL ASAHI,
P03-116,MMC SL 10W30 (4Lx6) New,ORIENTAL ASAHI,
P03-117,MMC CF-4 10W30 (5Lx6) New,ORIENTAL ASAHI,
P03-117,MMC CF-4 10W30 (5Lx6) New,ORIENTAL ASAHI,
P03-118,Yanmar TF 500T ( 5Lx6 ),ORIENTAL ASAHI,
P03-118,Yanmar TF 500T ( 5Lx6 ),ORIENTAL ASAHI,
P03-129,MMC CF-4 10W30 (1Lx12) SNI,ORIENTAL ASAHI,
P03-129,MMC CF-4 10W30 (1Lx12) SNI,ORIENTAL ASAHI,
P03-130,MMC CF-4 10W30 (5Lx6) SNI,ORIENTAL ASAHI,
P03-130,MMC CF-4 10W30 (5Lx6) SNI,ORIENTAL ASAHI,
P03-131,Eneos Mtr Oil SN 20W50 (1Lx12),ORIENTAL ASAHI,
P03-131,Eneos Mtr Oil SN 20W50 (1Lx12),ORIENTAL ASAHI,
P03-132,Eneos Mtr Oil SN 20W50 (4Lx6),ORIENTAL ASAHI,
P03-132,Eneos Mtr Oil SN 20W50 (4Lx6),ORIENTAL ASAHI,
P03-133,Eneos Mtr Oil SN 10W30 (1Lx12),ORIENTAL ASAHI,
P03-133,Eneos Mtr Oil SN 10W30 (1Lx12),ORIENTAL ASAHI,
P03-134,Eneos Mtr Oil SN 10W30 (4Lx6),ORIENTAL ASAHI,
P03-134,Eneos Mtr Oil SN 10W30 (4Lx6),ORIENTAL ASAHI,
P03-135,MMC CF 10W40 (1Lx12) New,ORIENTAL ASAHI,
P03-135,MMC CF 10W40 (1Lx12) New,ORIENTAL ASAHI,
P03-136,MMC CF 10W40 (5Lx6) New,ORIENTAL ASAHI,
P03-136,MMC CF 10W40 (5Lx6) New,ORIENTAL ASAHI,
P03-142,(GO) YML SL 10W40 (0.8Lx24) NEW,ORIENTAL ASAHI,
P03-142,(GO) YML SL 10W40 (0.8Lx24) NEW,ORIENTAL ASAHI,
P03-143,Yamalube Super SPORT  NEW SNI (1Lx12),ORIENTAL ASAHI,
P03-144,CARTON YAMALUBE 2 STROKE 0.7LX24,ORIENTAL ASAHI,
P03-145,Yamalube Super Matic  NEW SNI (1Lx12),ORIENTAL ASAHI,
P03-146,Yamalube RS4GP 10W40 NEW (1Lx12),ORIENTAL ASAHI,
p03-147,Yamalube Motor New SJ/MA 20W40 (0.8LX24) NEW SNI,ORIENTAL ASAHI,
P03-148,Yamalube Matic New SJ/MB 20W40 (0.8LX24) NEW SNI,ORIENTAL ASAHI,
P03-149,Yamalube Sport SL 10W40 (1Lx24),ORIENTAL ASAHI,
P03-149,Yamalube Sport SL 10W40 (1Lx24),ORIENTAL ASAHI,
p03-150,Yamalube Power Matic (0.8Lx24) SNI,ORIENTAL ASAHI,
p03-150,Yamalube Power Matic (0.8Lx24) SNI,ORIENTAL ASAHI,
p03-151,Eneos Gear Oil T/A 80W-90 GL-5 (1Lx12),ORIENTAL ASAHI,
p03-151,Eneos Gear Oil T/A 80W-90 GL-5 (1Lx12),ORIENTAL ASAHI,
P03-154,Eneos Diesel CI-4 15W40 (1Lx12),ORIENTAL ASAHI,
P03-154,Eneos Diesel CI-4 15W40 (1Lx12),ORIENTAL ASAHI,
P03-155,Eneos Diesel CI-4 15W40 (5Lx6),ORIENTAL ASAHI,
P03-155,Eneos Diesel CI-4 15W40 (5Lx6),ORIENTAL ASAHI,
P03-156,Eneos Multi Asia AT Fluid  (1Lx12) NEW,ORIENTAL ASAHI,
P03-156,Eneos Multi Asia AT Fluid  (1Lx12) NEW,ORIENTAL ASAHI,
P03-157,YML OBM GL-4 350ML set partisi,HARPACKINDO,
P03-157,YML OBM GL-4 350ML set partisi,HARPACKINDO,
P03-158,YMALUBE OBM GL-4 750ML set partisi,HARPACKINDO,
P03-158,YMALUBE OBM GL-4 750ML set partisi,HARPACKINDO,
P03-160,YAMALUBE 2T OBM 1L,HARPACKINDO,
P03-160,YAMALUBE 2T OBM 1L,HARPACKINDO,
P03-161,YAMALUBE 2T OBM 4L,HARPACKINDO,
P03-161,YAMALUBE 2T OBM 4L,HARPACKINDO,
P03-162,YAMALUBE OBM GL 5 750ML 1 X  12,HARPACKINDO,
P03-162,YAMALUBE OBM GL 5 750ML 1 X  12,HARPACKINDO,
P03-165,ENEOS DIESEL OIL CF-40 5LX6,ORIENTAL ASAHI,
P03-166,Yamalube RS4GP Blue (1Lx12) NEW,ORIENTAL ASAHI,
P03-166,Yamalube RS4GP Blue (1Lx12) NEW,ORIENTAL ASAHI,
P03-167,CARTON YAMALUBE 2 STROKE 0.7L NEW,ORIENTAL ASAHI,
P03-168,AHM Oil MPX 2 (0.8Lx24),HARPACKINDO,
p03-169,MMC MTF 75W85 1LX12,ORIENTAL ASAHI,
P03-170,MMC MULTI GEAR OIL GL-4 75W80 1L,ORIENTAL ASAHI,
P03-171,MMC S.HYP.GEAR ECO GL-5 80,ORIENTAL ASAHI,
p03-172,Daihatsu CVTF FLUID 1LX12,ORIENTAL ASAHI,
p03-173,Yamalube Super Matic  New Design,ORIENTAL ASAHI,
p03-174,Yamalube SJ/MB New Design,ORIENTAL ASAHI,
p03-175,Yamalube SJ/MA New Design,ORIENTAL ASAHI,
p03-176,Yamalube Power Matic 0.8L New Design,ORIENTAL ASAHI,
p03-177,Yamalube Mtr (Sport) New SL10W40 (1Lx24),ORIENTAL ASAHI,
p03-177,Yamalube Mtr (Sport) New SL10W40 (1Lx24),ORIENTAL ASAHI,
P04-009,209 Liter Drum Toyota CVTF FE (0.9 mm) ,PCN,
p04-012,Drum Honda E-Pro Blue,GPI,
p04-017,Drum Yamalube OBM 2T,GPI,
P04-020,Drum Toyota CVTF FE (0.9 mm) ,GPI,
p04-021,209 Liter New Steel Drum Gold (1.0 mm),GPI,
P05-005,Label 0.7L Yamalube 2T,PANCAR PRIMA AGUNG,
P05-005,Label 0.7L Yamalube 2T,PANCAR PRIMA AGUNG,
P05-006,Label 0.7L Eneos 2T (Ungu),PANCAR PRIMA AGUNG,
P05-026,Label 0.8L Yamalube SL 10W40 Gold Oil,PANCAR PRIMA AGUNG,
P05-026,Label 0.8L Yamalube SL 10W40 Gold Oil,PANCAR PRIMA AGUNG,
P05-030,Label 1L Yamalube Super Sport,PANCAR PRIMA AGUNG,
P05-030,Label 1L Yamalube Super Sport,PANCAR PRIMA AGUNG,
P05-032,Label 0.8L Yamalube Power Matic,PANCAR PRIMA AGUNG,
P05-032,Label 0.8L Yamalube Power Matic,PANCAR PRIMA AGUNG,
P05-035,Label 4L Yamalube Premium Oil,PANCAR PRIMA AGUNG,
P05-036,Label 1L Yamalube Super Matic,PANCAR PRIMA AGUNG,
P05-036,Label 1L Yamalube Super Matic,PANCAR PRIMA AGUNG,
P05-037,Label 1L Eneos CF4/DH1 15W40 (Hijau),PANCAR PRIMA AGUNG,
P05-038,Label 4L Eneos CF4/DH1 15W40 (Hijau),PANCAR PRIMA AGUNG,
P05-039,Label 1L Eneos Gear Oil 75W90 GL5 (Biru),PANCAR PRIMA AGUNG,
P05-044,Label 0.8L Eneos Oil  SJ/MA 20W40 (Ungu),PANCAR PRIMA AGUNG,
P05-045,Label 0.8L Eneos SJ/MB 20W40 (Merah),PANCAR PRIMA AGUNG,
P05-046,Label 1L Eneos SL/MA 10W-40 (Kuning),PANCAR PRIMA AGUNG,
P05-047,Label 0.8L Eneos Eco SJ/MA 10W30 (Grey),PANCAR PRIMA AGUNG,
P05-048,Label 0.8L Eneos Eco SJ/MB 10W30 (Hijau),PANCAR PRIMA AGUNG,
P05-049,Label 4L Eneos Mol Asia 10W40SM (Grey),PANCAR PRIMA AGUNG,
P05-050,Label 1L Eneos Mol Asia 10W40SM (Grey),PANCAR PRIMA AGUNG,
P05-051,Label 1L Eneos Diesel CI-4 15W40,BEST LABEL,
P05-052,Label 4L Eneos Diesel CI-4 15W40,BEST LABEL,
P05-053,Label 1L Eneos Mtr Oil SN/CF 20W50,BEST LABEL,
P05-054,Label 4L Eneos Mtr Oil SN/CF 20W50,BEST LABEL,
P05-055,Label 1L Eneos Mtr Oil SN/CF 10W30,BEST LABEL,
P05-056,Label 4L Eneos Mtr Oil SN/CF 10W30,BEST LABEL,
P05-057,Label 1L Eneos Mtr Oil SN 0W20,BEST LABEL,
P05-058,Label 4L Eneos Mtr Oil SN 0W20,BEST LABEL,
P05-059,Label 1L Eneos Sustina SN/ACEA 5W30,PANCAR PRIMA AGUNG,
P05-060,Label 1L Eneos SN/CF 20W50 (Orange),PANCAR PRIMA AGUNG,
P05-061,Label 4L Eneos SN/CF 20W50 (Orange),PANCAR PRIMA AGUNG,
P05-062,Label 1L Eneos SN 0W20 (Warm Grey),PANCAR PRIMA AGUNG,
P05-063,Label 4L Eneos SN 0W20 (Warm Grey),PANCAR PRIMA AGUNG,
P05-067,Label 4L Eneos Sustina SN/ACEA 5W30,PANCAR PRIMA AGUNG,
P05-072,Label 1L Eneos CVT Fluid Asia,BEST LABEL,
P05-073,Label 1L Eneos Multi Asia AT Fluid,BEST LABEL,
P05-081,Label 1L Yamalube RS4GP,PANCAR PRIMA AGUNG,
P05-140,Label 0.8L Eneos Oil  SJ/MA 20W40 (Ungu),PANCAR PRIMA AGUNG,
P05-141,Label 0.8L Eneos SJ/MB 20W40 (Merah),PANCAR PRIMA AGUNG,
P05-142,Label 1L Eneos SL/MA 10W-40 (Kuning),PANCAR PRIMA AGUNG,
P05-143,Label 0.8L Eneos Eco SJ/MA 10W30 (Grey),PANCAR PRIMA AGUNG,
P05-146,Label 0.8L Eneos Eco SJ/MB 10W30 (Hijau),PANCAR PRIMA AGUNG,
P05-147,Label 1L Eneos SN 0W20 (Warm Grey) SNI,PANCAR PRIMA AGUNG,
P05-148,Label 4L Eneos SN 0W20 (Warm Grey),PANCAR PRIMA AGUNG,
P05-151,Label 1L Eneos SN 20W50 (Orange) SNI,PANCAR PRIMA AGUNG,
P05-161,Label 0.8L Yamalube SL 10W40 Gold Oil SNI,PANCAR PRIMA AGUNG,
P05-162,Label 1L Yamalube Super Matic SNI,PANCAR PRIMA AGUNG,
P05-162,Label 1L Yamalube Super Matic SNI,PANCAR PRIMA AGUNG,
P05-163,Label 1L Yamalube Super Sport SNI,PANCAR PRIMA AGUNG,
P05-164,Label 0.7L Yamalube 2T,PANCAR PRIMA AGUNG,
P05-164,Label 0.7L Yamalube 2T,PANCAR PRIMA AGUNG,
P05-178,Label 1L Eneos Gear Oil 75W90 GL5 (Biru),PANCAR PRIMA AGUNG,
P05-179,Label 0.7L Eneos 2T (Ungu),PANCAR PRIMA AGUNG,
P05-180,Label 4L Eneos SN 20W50 (Orange) SNI,PANCAR PRIMA AGUNG,
P05-181,Label 1L Eneos Mtr Oil SN 10W30 SNI,BEST LABEL,
P05-182,Label 4L Eneos Mtr Oil SN 10W30 SNI,BEST LABEL,
P05-187,Label 1L Eneos Multi Asia AT Fluid,BEST LABEL,
P05-193,Label 1L Eneos Diesel CI-4 15W40 SNI,BEST LABEL,
P05-194,Label 4L Eneos Diesel CI-4 15W40 SNI,BEST LABEL,
P08-002,Pail 20L White,MIWADA,
P08-007,PAIL YAMALUBE 2T OBM 20L,KP,
P08-009,PAIL WITE 20L,NIOPLAS UNGGUL,
P08-035,Pail Jerry Can 18L set cap seal,PJW,
